{"loss": 0.1895237311862698, "AUC": 0.8280502090733821, "AUC_test": 0.8658779244291338, "epoch": 0, "_timestamp": 1690252113.2092793, "_runtime": 324.269659280777, "_step": 0}